{"inputToHidden1":[[0.45336560440342993,0.45111783460337923,0.299936214213563,0.2990149757347211,0.30693603174723594,0.31919263804546716,0.43915935760253344,0.465125690550931],[-0.05336446811904395,-0.31512015424316225,-0.8337055555872736,1.4849749240033525,0.08473826676923873,0.18454712743818552,-0.46512476746381726,0.7197525820779274],[0.24822554508293004,0.6163255405969525,-0.2224425798005525,-0.925039852980762,-0.7023600823943252,-0.9896819155425438,-0.47709717820766206,0.4608743127962023]],"hidden1Bias":[-0.24079655301887667,-0.69129205199547,-0.9078196212145058],"hidden1ToHidden2":[[-0.7394119932795074,0.8731920172675625,-0.5195725077030358],[-0.3630849963973753,0.6678775741945041,0.18372556240575566],[-0.8771321111206636,0.46933773549058877,0.6342740976501484],[-0.3234547249876827,-0.5095021961582105,-0.6766972010187815]],"hidden2Bias":[-0.7426088927588397,0.839143326921629,-0.6022465511177482,0.807083040760819],"hidden2ToOutput":[-0.920741432932628,-0.48837093983297414,-0.961147699598742,-0.4747921441654127],"outputBias":0.8741370277810913}